test_pcc_step,test_ssim_step,test_psnr_step,test_rmse_step,test_frame_mse_step,test_frame_mae_step,step
0.8114703006115352,0.8816701566693679,31.049962169495476,0.028771379962563515,0.000864053494296968,0.009787838906049728,0
0.8002769310346499,0.7105635928975905,25.40413860907645,0.06290432065725327,0.004960465710610151,0.032805826514959335,1
0.875834594296414,0.5858885971496454,21.8744012714012,0.08270985633134842,0.007157063111662865,0.04816320165991783,2
0.8816986494102741,0.5437897888383837,21.16570117058946,0.08955840021371841,0.008348588831722736,0.05543982610106468,3
0.8922361660650923,0.5940584416381705,22.06879427097918,0.081298828125,0.006979542784392834,0.04801325500011444,4
0.9108686461633017,0.582935496874233,21.64166344115655,0.08588240295648575,0.007846777327358723,0.05487935617566109,5
0.7169431055481312,0.9020705521832616,44.931440968797354,0.005685696844011545,3.253156319260597e-05,0.004122596699744463,6
0.8159280433350764,0.7311438030824352,33.29032927712142,0.046213775873184204,0.0040440806187689304,0.03202951326966286,7
0.9090783504189414,0.6029908297218766,22.03075975179658,0.08240330219268799,0.007267726585268974,0.055107083171606064,8
0.7066717873251078,0.9088512301935285,45.14740735241978,0.005620731506496668,3.260658559156582e-05,0.003934247884899378,9
0.7945362984798806,0.8086380541906207,35.177871908118874,0.032039206475019455,0.0018631634302437305,0.023787247017025948,10
0.8698874362464925,0.6615588771766786,25.28432346987617,0.05646078288555145,0.003398970002308488,0.042833227664232254,11
0.7894578414340098,0.878705650845963,36.86813642635371,0.01451698038727045,0.0002163078897865489,0.009021563455462456,12
0.8350337570434921,0.7922538061235466,29.617864345438903,0.05140303447842598,0.004376363009214401,0.029357101768255234,13
0.9321690744681715,0.6741379287639747,21.854966123820784,0.08226767927408218,0.0069776056334376335,0.0480942465364933,14
0.7520324526299652,0.7941485028027698,30.67841581470756,0.02997029386460781,0.000938276934903115,0.012113034725189209,15
0.8587683154724756,0.7417707114065454,26.000828093394745,0.06174745783209801,0.005237317644059658,0.034263573586940765,16
0.883810298011159,0.5844910318712101,20.535388693243334,0.09682965278625488,0.009845972061157227,0.06357935070991516,17
0.8659520897263472,0.7432703370654034,24.539573720680874,0.06252074241638184,0.0042695519514381886,0.03464299440383911,18
0.9093730949539459,0.7626104665151455,25.039647280614094,0.05905742943286896,0.0038269641809165478,0.033418331295251846,19
0.9424819746404954,0.7759058852394106,24.161493095294123,0.06470832973718643,0.004523077979683876,0.03870736062526703,20
0.5970257620894609,0.8610812951569352,31.133289188447083,0.028294337913393974,0.0008289928664453328,0.014090734533965588,21
0.6831809601995223,0.8152291987998078,32.26306196493204,0.027515815570950508,0.0009514961275272071,0.01391684915870428,22
0.7263563803954659,0.7568801506568855,24.050191745986368,0.06600874662399292,0.004728603642433882,0.030193403363227844,23
0.9362053922169508,0.7296922996674501,25.766615125655388,0.054516952484846115,0.0032791411504149437,0.03213709965348244,24
0.9099082812733972,0.6478505777225534,22.61569408657753,0.07741967588663101,0.0064439959824085236,0.04632961377501488,25
0.9239044344442409,0.6509862946225167,22.665447318045228,0.07652940601110458,0.006242627277970314,0.04666409641504288,26
0.9172004132570922,0.6605170764371749,22.337472287518704,0.0787929818034172,0.00654332572594285,0.04707527905702591,27
0.8870724649077305,0.6558015937436417,23.228589195839884,0.07114828377962112,0.005338924005627632,0.04405311122536659,28
0.8624017750595527,0.6472669819922662,23.616325539774436,0.06769747287034988,0.004794648848474026,0.04373202472925186,29
0.2630157041319065,0.9333854286582047,39.14593923216803,0.012966637499630451,0.00020585377933457494,0.0032739671878516674,30
0.6846670981431512,0.9220734984674198,44.77341249558273,0.00601935014128685,3.898526483681053e-05,0.004149168264120817,31
0.8967519068546181,0.9236365653180321,43.01529533936813,0.00711035868152976,5.126353426021524e-05,0.005011449102312326,32
0.8978007072713113,0.6589028033306598,21.862459934853934,0.08310078829526901,0.0072604152373969555,0.04890052601695061,33
0.9022951536257731,0.6930665202322804,24.57838321611921,0.060772817581892014,0.0038913460448384285,0.03663240745663643,34
0.8805970173652761,0.6484624495245482,25.264795908356593,0.05574694275856018,0.003230383386835456,0.038032665848731995,35
0.7139894896828881,0.8582339427220459,32.88665661265929,0.02279389463365078,0.0005245573120191693,0.009782304055988789,36
0.6639378228528364,0.6022768520371838,26.893414198713188,0.05762346461415291,0.004772481974214315,0.03501858562231064,37
0.9367882769882764,0.6069560044307203,21.93817172493314,0.0828041210770607,0.007265749387443066,0.05231533199548721,38
0.9137359077321442,0.5932939701875558,21.461269869148556,0.08796706050634384,0.00827579852193594,0.05655639246106148,39
0.9132376875835996,0.5566236841769135,21.445289263325225,0.08747968822717667,0.008081985637545586,0.061124131083488464,40
0.9200594965874612,0.5695970274856219,21.67680355164876,0.08469971269369125,0.007509520743042231,0.05776996165513992,41
0.9351820729381242,0.5427733437765603,22.927728169854685,0.07368598133325577,0.005728788208216429,0.05143989622592926,42
0.9198091001936545,0.6278762435330685,23.466828077206753,0.0698816105723381,0.005246820859611034,0.04242756962776184,43
0.9159722209973883,0.6074518557471843,23.99045067003159,0.06504607200622559,0.004453225992619991,0.04010096192359924,44
0.7367698230069228,0.8162399409278202,32.68205036894032,0.02405736781656742,0.0006149731343612075,0.011967129074037075,45
0.7775696329250703,0.8214983176941475,32.86605881579371,0.02353788912296295,0.0005887431325390935,0.012041070498526096,46
0.7692180520633559,0.8274636659831639,32.48731661794647,0.0246052797883749,0.0006426888867281377,0.012098015286028385,47
0.9091293218480881,0.7479762860225062,24.16647498958605,0.06560397148132324,0.004765995312482119,0.03000444360077381,48
0.9184821486945368,0.6324302411823045,22.588503250987486,0.07837796956300735,0.006757167633622885,0.04486696794629097,49
0.8867286664292027,0.6732605328971948,25.344889981604023,0.05596553161740303,0.003329664934426546,0.031207164749503136,50
0.8994176739062554,0.5328063292140439,21.56554139454069,0.08738252520561218,0.00824693776667118,0.06174617260694504,51
0.9154273074391499,0.5689144837873671,22.20707402496389,0.08134372532367706,0.007168248761445284,0.05599891394376755,52
0.9084561107612649,0.5778006410803705,22.07441239433216,0.08253875374794006,0.007373252417892218,0.05757152661681175,53
0.9260195808067936,0.6550541063829131,24.062830084160158,0.06507883220911026,0.00453087268397212,0.036751676350831985,54
0.9046469658165037,0.6837984103171854,24.815155770738386,0.06280526518821716,0.00465334951877594,0.03403723984956741,55
0.89615267622606,0.734443367586211,26.596204475515226,0.048707831650972366,0.0025415094569325447,0.026808826252818108,56
0.8882404397770333,0.7902278036728658,28.41901302558854,0.039611294865608215,0.0016943260561674833,0.019945260137319565,57
0.8039612027005066,0.8375394130636405,33.6685803997187,0.027242841199040413,0.0011075192596763372,0.013742811046540737,58
0.6323875863407494,0.925419095099624,44.882325343103155,0.005855747032910585,3.606396057875827e-05,0.0031839667353779078,59
0.7867926963946518,0.8216018589658924,24.24406865992687,0.06463415175676346,0.004544100724160671,0.020958149805665016,60
0.7825802126408692,0.7695311086309121,24.323454048275384,0.06247847154736519,0.004087052773684263,0.023171206936240196,61
0.7006362265609839,0.7360950621302017,23.573416836597897,0.06920686364173889,0.0051431069150567055,0.026290103793144226,62
0.8731997040922748,0.5343209573547806,20.00074182339051,0.10294850915670395,0.011147288605570793,0.06319388747215271,63
0.8939367502279447,0.7464284403136773,28.23241408695308,0.05541239306330681,0.004828769247978926,0.03015238232910633,64
0.8319544197637218,0.9352045905215065,40.496459872995324,0.010241747833788395,0.00012118235463276505,0.003772137686610222,65
0.8468087177623692,0.6958750469563988,27.192626045367074,0.04494413733482361,0.0021168699022382498,0.03099723346531391,66
0.6520991227668474,0.8466587782470012,35.21859875541034,0.023197457194328308,0.0007664438453502953,0.013257757760584354,67
0.6077521988181981,0.8977613643475593,39.05161826635239,0.012179270386695862,0.0001750706578604877,0.004370003007352352,68
0.8672978393355161,0.7646297868219546,25.120600504897368,0.05954546853899956,0.004073004703968763,0.0229506716132164,69
0.9121778656306021,0.6641771942724141,23.292250446933043,0.07038817554712296,0.005199066828936338,0.032980188727378845,70
0.8867029311342848,0.6437452223583668,21.28130407399981,0.08874686807394028,0.00828213058412075,0.039475034922361374,71
0.8761227173492422,0.6194235350553464,22.695452986243875,0.07610394805669785,0.00617465702816844,0.04035966470837593,72
0.8833665742254165,0.7060074039899332,24.919189046218637,0.0589437372982502,0.0036913519725203514,0.028486177325248718,73
0.8856626439039573,0.7254737469960316,26.317096694751665,0.05008773133158684,0.002669380744919181,0.02609517239034176,74
0.8644234096238664,0.5878864417389859,23.96128495047007,0.06597645580768585,0.004651131574064493,0.04640492424368858,75
0.8721546134798114,0.5992826073108322,24.3793059050349,0.0627424493432045,0.004206392914056778,0.04345540702342987,76
0.8750312293014492,0.5993544690749708,24.37327174227401,0.06244514510035515,0.004125521518290043,0.04250327870249748,77
0.882672172222389,0.6921938299422848,26.179204584347403,0.05049137398600578,0.002672715112566948,0.036761682480573654,78
0.8986358667918771,0.8289072517816233,32.72394119473832,0.02906692959368229,0.0011916171060875058,0.01882154680788517,79
0.8868246523204806,0.936069500099804,41.4884719320191,0.008598033338785172,7.690590427955613e-05,0.003339378861710429,80
0.9434074896784986,0.7313826889760148,24.22866905680546,0.06350124627351761,0.004263503942638636,0.030538640916347504,81
0.9375388725141057,0.7483303029650603,24.311825512727882,0.06396196037530899,0.004438011907041073,0.030795393511652946,82
0.9414157559714225,0.7250172937630355,24.473775509187437,0.06248367950320244,0.004223586991429329,0.0321003720164299,83
0.9385782472643198,0.6977804647910949,23.858288070296997,0.06625065207481384,0.004641286097466946,0.03493455797433853,84
0.8484938239890057,0.7995874232997894,27.57960158706395,0.04771037772297859,0.002876599319279194,0.022262271493673325,85
0.9377323797499697,0.8392300921148808,28.921242686678614,0.03823681175708771,0.0016365709016099572,0.01580105908215046,86
0.8324616613560742,0.7562818049764021,27.61214613561722,0.04270947352051735,0.0019132561283186078,0.021228961646556854,87
0.781900617034383,0.7638208649799955,28.01836315648545,0.041649263352155685,0.0018759933300316334,0.019546963274478912,88
0.7870942062580794,0.7801400705774572,28.718277383629058,0.03776310011744499,0.0014960351400077343,0.01702267862856388,89
0.8386493047433982,0.7496085154416767,27.884703818974227,0.04150962457060814,0.0018123271875083447,0.02158360183238983,90
0.7876898734619834,0.6830189130494008,24.701627109346457,0.06806808710098267,0.00598945515230298,0.036104265600442886,91
0.9286653805866415,0.6887465817657578,23.231736662389565,0.07137589901685715,0.005392876919358969,0.03421704098582268,92
0.8878455227986741,0.5740891131221005,21.118218916389914,0.09372583776712418,0.009940272197127342,0.06529161334037781,93
0.9241334595208888,0.6120607806106664,21.662016359741887,0.08668384701013565,0.008234911598265171,0.05923989787697792,94
0.9569839257179006,0.6676859503534427,25.163320397270496,0.05741697549819946,0.0035171890631318092,0.03723767772316933,95
0.8967642704766177,0.6360650389927153,21.896966999933706,0.08692064881324768,0.008763168007135391,0.059821754693984985,96
0.859869579952262,0.6467383601910872,25.23917365684869,0.0569983534514904,0.003467029659077525,0.03624344244599342,97
0.8728412609794959,0.6698744950977468,28.2242497581078,0.0398356132209301,0.001661881571635604,0.02450389601290226,98
0.593349408386787,0.8712672469342587,32.66152380427725,0.0236076507717371,0.0005710876430384815,0.00682306382805109,99
0.48405915821420775,0.8565267033013169,38.056383326294444,0.014128248207271099,0.00024371762992814183,0.005628031678497791,100
0.8009518086421404,0.9651519378694867,51.506065481232746,0.002668035449460149,7.166283921833383e-06,0.0019834006670862436,101
0.633246455030135,0.8884905132662467,42.11109364311253,0.009003416635096073,0.00010251510684611276,0.004393291659653187,102
0.7369420286962397,0.9016540258524808,41.3100500390114,0.013255973346531391,0.0002897897793445736,0.005593746434897184,103
0.6280405239121455,0.7106721047517954,32.86077203865359,0.023396387696266174,0.0005739922053180635,0.014484411105513573,104
0.8067099578731788,0.7893435492384723,29.21301020627835,0.035376664251089096,0.001302987220697105,0.015049166046082973,105
0.8873563366778533,0.7930360611654104,32.05895820003962,0.026919493451714516,0.0008362217340618372,0.015341418795287609,106
0.9525978248889064,0.7761069858369879,29.494104811814328,0.03431590273976326,0.0012299219379201531,0.019607428461313248,107
0.9443589827050047,0.7389915348819445,28.86543427450802,0.03699784725904465,0.0014360279310494661,0.022616591304540634,108
0.9356513111162893,0.7244482027408411,28.297725896633242,0.0399523489177227,0.0017181490547955036,0.02398933656513691,109
0.9234932509257444,0.7025095096770436,27.288088430194534,0.04427241161465645,0.0020473122131079435,0.026752376928925514,110
0.9347187508695042,0.820692265200267,31.130538641357933,0.028660213574767113,0.0008703517378307879,0.0147465281188488,111
0.9170592727912772,0.8594189706582472,32.566045478890544,0.024445921182632446,0.0006416441174224019,0.01193502452224493,112
0.9383306080014009,0.8624232616832647,34.08333141003365,0.020761968567967415,0.0004727184132207185,0.009602151811122894,113
0.8567292751427109,0.7945965842327971,30.149814876037897,0.0317319892346859,0.001046665827743709,0.019125722348690033,114
0.8225370469930198,0.7984642417382841,29.95925241691744,0.033885408192873,0.0012981408508494496,0.016162754967808723,115
0.8601452802481914,0.7395033114040253,27.009428918670768,0.045978765934705734,0.0022297396790236235,0.019627179950475693,116
0.8612816044630573,0.7494489470443235,27.301708607517057,0.044713933020830154,0.0021316437050700188,0.01962508074939251,117
0.8807434188575338,0.7645141131441289,27.881933526210265,0.041155844926834106,0.0017546191811561584,0.017411407083272934,118
0.8594425496178085,0.7602738802501524,27.29586668609637,0.04456986114382744,0.002097243908792734,0.017968760803341866,119
0.8403138607588417,0.6305836141271731,24.164499972263712,0.0644986554980278,0.004451825749129057,0.039144258946180344,120
0.7363543378544444,0.7569228669439941,37.07089550231955,0.029133617877960205,0.0015888032503426075,0.019313247874379158,121
0.4532223202883306,0.9340062241421198,48.099062455471085,0.004392261151224375,2.4864528313628398e-05,0.0027210472617298365,122
0.8739283159525139,0.7569966910032738,29.20041385449696,0.03560447692871094,0.0013306477339938283,0.019175728783011436,123
0.8476286680497905,0.8023022518769222,30.27882006649331,0.03164379298686981,0.001060263137333095,0.0136066609993577,124
0.6961663079448909,0.801217110955189,28.789619774628363,0.037586063146591187,0.001500016893260181,0.014600133523344994,125
0.7350175263059541,0.96409851189387,45.67163174524202,0.005464686546474695,3.268584259785712e-05,0.0021895566023886204,126
0.7109544964367221,0.885854043059147,40.0966621707692,0.013294550590217113,0.00025838453439064324,0.007534167263656855,127
0.6624720464494739,0.833756661114944,33.0379339077109,0.022633083164691925,0.0005266905063763261,0.013178055174648762,128
0.7136308418980374,0.8324092643113158,33.723052068946664,0.020713485777378082,0.00043337998795323074,0.011574719101190567,129
0.7069771596301325,0.8194157595200728,32.62015240406647,0.023743264377117157,0.0005787279806099832,0.011665510945022106,130
0.6863798118761016,0.8531191290089951,35.52658104251616,0.017185784876346588,0.00031066106748767197,0.007496395148336887,131
0.858323051973087,0.8713428698888736,31.68989429631661,0.027048280462622643,0.0007863239152356982,0.009744646027684212,132
0.8456237461930941,0.8473471987509011,29.901872943055327,0.03627701476216316,0.0016209215391427279,0.012028669007122517,133
0.8313389850619733,0.7071778624838702,26.72524001365601,0.04794119670987129,0.002444408368319273,0.019665392115712166,134
0.8745384961697908,0.7031902859976832,25.03207970965651,0.059061672538518906,0.0037991206627339125,0.029262198135256767,135
0.8905719558905009,0.7034575686949182,25.63552392699187,0.05426059290766716,0.0031329442281275988,0.028716929256916046,136
0.8772762715371841,0.6786906036845087,25.52568945130115,0.055428508669137955,0.0033127451315522194,0.030299028381705284,137
0.8686329092190959,0.7373772951308145,25.21947469822433,0.057439375668764114,0.003559662727639079,0.026475822553038597,138
0.803904123765434,0.711711195401613,26.49004296420942,0.04888947680592537,0.0025238171219825745,0.023337768390774727,139
0.6299346378849248,0.7287492749883357,26.414575531644477,0.04881279170513153,0.002469169907271862,0.019440999254584312,140
0.6834403378887884,0.707110639158323,26.3149192227723,0.049579452723264694,0.002566244686022401,0.020376503467559814,141
0.712126166913352,0.7264277984452421,28.33531800399696,0.04013378545641899,0.0017548924079164863,0.019533492624759674,142
0.8478926970738904,0.7005539785745315,29.267947634422455,0.03502596542239189,0.0012649911222979426,0.022235263139009476,143
0.6729862283013448,0.9574700904754648,48.83191707342581,0.0036332430317997932,1.33160956465872e-05,0.0023364315275102854,144
0.6032725609542816,0.934546542201861,42.882240998707594,0.00916739646345377,0.0001299239374930039,0.003815751988440752,145
0.7482613289261408,0.8776989513020977,36.19827740841134,0.016156619414687157,0.00028511291020549834,0.007478251587599516,146
0.923044030316178,0.7330265157070034,24.181472590190086,0.06586609035730362,0.004802158568054438,0.03227337449789047,147
0.927356850064046,0.7127879475442339,23.81600823029866,0.06708493828773499,0.0047992258332669735,0.03406139090657234,148
0.9228504170283928,0.7176704639397681,23.330328807587563,0.07074321061372757,0.005321981385350227,0.03432132676243782,149
0.922963118632477,0.7179658611864698,24.042732405269884,0.06640060991048813,0.004835214000195265,0.032892849296331406,150
0.6904669813920737,0.772618005871605,28.99944694654826,0.045241549611091614,0.002891428768634796,0.0218423493206501,151
0.5373001897821322,0.9188150199748369,40.422360176377886,0.009926310740411282,0.00010515412577660754,0.0034121903590857983,152
0.8930480374430325,0.7558225393574024,29.374500468351357,0.03469458594918251,0.0012470108922570944,0.019786164164543152,153
0.8201589542342343,0.8333114987576801,30.67982494136999,0.030697980895638466,0.0010206939186900854,0.0120144197717309,154
0.8021225461239321,0.8455781628351887,28.2903316335854,0.04079539701342583,0.0018363435519859195,0.014451836235821247,155
0.9239853215623564,0.6490687972765747,23.3862849789833,0.07109235227108002,0.005470390897244215,0.04507601633667946,156
0.9259288819416187,0.6661136690462293,23.76274184776916,0.06844744086265564,0.005136370658874512,0.043088607490062714,157
0.9336823789653744,0.6670631587289146,24.262988693069758,0.06395299732685089,0.0044043115340173244,0.041603874415159225,158
0.8537205123352312,0.5089590413170867,21.70288713835804,0.08431407809257507,0.007412176579236984,0.05551057308912277,159
0.8678470266656495,0.5507413120964658,22.51234318148775,0.07785283774137497,0.00647772615775466,0.05074933543801308,160
0.8360484544179013,0.5214096281282887,21.793430271023293,0.08459039777517319,0.007630566600710154,0.057323288172483444,161
0.9042924727114922,0.7366062694750237,27.156840517186385,0.044977616518735886,0.0021165271755307913,0.02507408894598484,162
0.905937980900766,0.6854099148213629,25.485280278536234,0.057559650391340256,0.0038399866316467524,0.03416978940367699,163
0.9016021387373696,0.6384195046094044,23.471809705427944,0.0712163969874382,0.005583598278462887,0.044013433158397675,164
0.8709854357067313,0.5498834507936331,22.647173181939934,0.07649809122085571,0.006220050621777773,0.050319328904151917,165
0.7647719454246685,0.724884747936139,33.36058750994451,0.045468371361494064,0.003967131022363901,0.02975446730852127,166
0.8240574017641441,0.9499815837480107,48.10758052424878,0.003953574225306511,1.5794332284713164e-05,0.002636262681335211,167
0.6546989044327676,0.8163346113495672,25.880632522303483,0.05351237580180168,0.003102787770330906,0.016029372811317444,168
0.5492304854126101,0.8130975872802629,25.879667351485846,0.05678863450884819,0.0037521764170378447,0.01684798300266266,169
0.8532054465297474,0.8231810239745494,26.635456454494186,0.04850710555911064,0.0025177495554089546,0.017018064856529236,170
0.9339948922776063,0.7736676615587909,31.628482684822952,0.026733815670013428,0.0007405998767353594,0.01524232979863882,171
0.9115528426222547,0.7945888741188764,28.756957037925194,0.0408044271171093,0.0020508880261331797,0.01825898140668869,172
0.9048492912497718,0.6796271684227001,24.151055930200968,0.06453617662191391,0.00444622291252017,0.03166395053267479,173
0.8997848288047527,0.7577833044055193,25.268289219171766,0.05725468695163727,0.0035454262979328632,0.02544873021543026,174
0.8879747270548543,0.6567228334551706,24.709453441947932,0.06148810684680939,0.004145875107496977,0.032228853553533554,175
0.8736393936635155,0.7191634670791349,26.311934016103475,0.04982127621769905,0.0026214744430035353,0.024731406942009926,176
0.8639666936305007,0.5902906482797299,24.808323558815335,0.05945230647921562,0.003749593161046505,0.03940439969301224,177
0.8299319263778063,0.7549920730959205,31.489530236261064,0.03574226424098015,0.0019252573838457465,0.023250950500369072,178
0.7232628944787526,0.9213379443320756,37.91894090376652,0.012729562819004059,0.00016260016127489507,0.0047643608413636684,179
0.8774843559342184,0.9200679878847561,30.71270299928138,0.03189482167363167,0.0011526758316904306,0.007224609609693289,180
0.781093561903439,0.8914237288411376,28.452585513443,0.04096796363592148,0.0019560703076422215,0.010457328520715237,181
0.7254491723026835,0.9471968239573897,43.8856837633665,0.006677351426333189,4.937328048981726e-05,0.002939090598374605,182
0.892386895607148,0.6992924491818316,24.52852414910012,0.06203433871269226,0.004118081647902727,0.028712792322039604,183
0.8910803377969755,0.6909718046824075,24.77921598424054,0.060125332325696945,0.003867690684273839,0.029082056134939194,184
0.8897972596622643,0.6152200176127033,23.486179251791082,0.07021712511777878,0.005321003962308168,0.03974726423621178,185
0.7309238517821548,0.7477946180595696,28.579154861284024,0.03828369453549385,0.001530710025690496,0.01612744852900505,186
0.7798261585032362,0.7893020862572447,28.085753815744937,0.042465340346097946,0.0020749301183968782,0.01616346463561058,187
0.8266267709067229,0.793363922000727,26.31140761315491,0.051470037549734116,0.0029678279533982277,0.020072199404239655,188
0.8388888598514473,0.6969445791230022,26.714634969754744,0.04795315861701965,0.0024574443232268095,0.026394154876470566,189
0.8277036846427069,0.6090436471909825,22.086493629873967,0.08283985406160355,0.007458671927452087,0.04856317862868309,190
0.9185388227795445,0.6277775086541143,21.48325899774281,0.08765684813261032,0.008185417391359806,0.054998476058244705,191
0.592130251279224,0.8305262710071921,42.90811145383668,0.007336766924709082,5.655714267049916e-05,0.005330899264663458,192
0.7242726870547713,0.8069427168984636,34.40462478001145,0.037093937397003174,0.0026755051221698523,0.01784389093518257,193
0.9145924033923754,0.6598088277212745,22.187014073382617,0.08141878992319107,0.007147574797272682,0.05318022519350052,194
0.824853603093897,0.8308097500211916,34.67495201353159,0.018795982003211975,0.0003648650599643588,0.011368583887815475,195
0.7939798115177613,0.6447676090014857,28.293148924793996,0.055082231760025024,0.0047105406410992146,0.034573961049318314,196
0.7769400268194561,0.6424993552862116,22.540507317450885,0.07697362452745438,0.00623689778149128,0.03681088238954544,197
0.8892722105193253,0.649621305299738,23.999029930355874,0.06513474136590958,0.004504663869738579,0.03607982024550438,198
0.8878201259888477,0.7480093508044691,28.46527903905155,0.039547283202409744,0.0017051296308636665,0.02345147170126438,199
0.8491071711182986,0.8009563088427051,30.33386051502841,0.031118661165237427,0.0010073399171233177,0.021554982289671898,200
0.9330559761944045,0.5837445114113895,22.822114143696783,0.07445528358221054,0.005832031834870577,0.048817992210388184,201
0.9294362926710277,0.6281008897913412,23.206833620679987,0.07236266881227493,0.005652213469147682,0.04861415922641754,202
0.9399304256264575,0.6646219398289271,23.10027834662239,0.07167445868253708,0.005346060264855623,0.0499139167368412,203
0.9268123350056561,0.6392929510950472,22.426267759903833,0.07852805405855179,0.006542221177369356,0.050735536962747574,204
0.9242634937252503,0.662334775203301,22.49226372948831,0.07776370644569397,0.006407588720321655,0.051602378487586975,205
0.9220226848401558,0.6551512687504971,22.272777278328856,0.07960879802703857,0.006694607902318239,0.05418635159730911,206
0.9167603560244567,0.6805696085649174,22.638041115687795,0.07732085138559341,0.006440338212996721,0.05108700692653656,207
0.890707056182706,0.6822082766791561,21.97397846995328,0.0834038257598877,0.007483502384275198,0.04802561178803444,208
0.8858579200837536,0.5943881921509021,20.91702164551948,0.09356987476348877,0.009311451576650143,0.06077899783849716,209
0.8995588500906239,0.6836638174110702,23.028038533973007,0.07279883325099945,0.005577252246439457,0.036280661821365356,210
0.9051655286957757,0.6865013944008309,25.01776874290239,0.05839518830180168,0.003631570376455784,0.031407009810209274,211
0.849799049193337,0.7612598116691226,27.39438789167309,0.044537246227264404,0.002147973282262683,0.02162136323750019,212
0.8797841589885863,0.6608382175300197,26.956548662410615,0.046383336186409,0.0022751535288989544,0.0320771187543869,213
0.9128970390234761,0.7434862445888916,28.964833259333776,0.037011947482824326,0.0014660938177257776,0.023789921775460243,214
0.8731254844590187,0.6988931254964746,26.722525233245403,0.047286540269851685,0.0023409246932715178,0.033250611275434494,215
0.872972481174938,0.6773841216689234,21.979567411403433,0.08229406923055649,0.007148983422666788,0.04028455540537834,216
0.8129947526638963,0.7261486029678701,23.492891332575976,0.06975621730089188,0.005227156449109316,0.028725354000926018,217
0.708643178762857,0.6856284707081503,22.4638472849915,0.0775124579668045,0.006300400942564011,0.03393300995230675,218
0.9041834887767047,0.6759375127260651,21.427025385246765,0.08822363615036011,0.008283943869173527,0.04483572021126747,219
0.8344585475136878,0.684233413861811,23.283482777571283,0.0719449520111084,0.005617095157504082,0.03577538952231407,220
0.7949356456649944,0.542433488762623,22.984665637004515,0.07364770025014877,0.005773155018687248,0.043335214257240295,221
0.8847867931104602,0.8530465951549058,25.771368936871777,0.05383862182497978,0.003115403698757291,0.018582846969366074,222
0.7856356215160921,0.873084870727331,30.83949788333929,0.032096754759550095,0.0012367685558274388,0.010830205865204334,223
0.7176292240406686,0.9108760463040753,31.851202736655654,0.02671961300075054,0.0007695243693888187,0.006506171077489853,224
0.710103129792913,0.795244079331927,31.48986970238747,0.027445798739790916,0.0007929173880256712,0.012217454612255096,225
0.8009226696290885,0.7047303999939977,28.69212905388649,0.041989076882600784,0.0021814173087477684,0.024487432092428207,226
0.7980271805269785,0.5921391226288947,25.655135746392233,0.05306586995720863,0.002903396962210536,0.03316882252693176,227
0.9631188974580672,0.7431131248676706,24.418408068142355,0.06162049248814583,0.003954511135816574,0.03210065886378288,228
0.9612960306676328,0.7043534222248041,23.927546059066298,0.06526724249124527,0.004442878998816013,0.037034329026937485,229
0.960091280700952,0.7040150514162086,24.021209333338494,0.06479848176240921,0.004409219603985548,0.03769512474536896,230
0.9652062693587924,0.7326340641225899,24.33236729150974,0.06203165650367737,0.00398546177893877,0.03702412545681,231
0.8357624162563111,0.8082777224152423,32.73283335626362,0.03572525456547737,0.0020856326445937157,0.020113468170166016,232
0.6006308309356881,0.8256695735252549,39.480934551354856,0.010935869999229908,0.00012633010919671506,0.0070280637592077255,233
0.8496457361405314,0.8604389548356601,30.274256019886575,0.031387340277433395,0.0010301591828465462,0.00989924743771553,234
0.7171113448538078,0.8555859889049399,38.48483643164396,0.015294601209461689,0.00033010286279022694,0.0064239795319736,235
0.6911973728282234,0.9351330322699963,46.98697910144303,0.004515908192843199,2.0757193851750344e-05,0.002922952175140381,236
0.9526390577948546,0.694796591231294,26.587748714412324,0.04916754737496376,0.0026275317650288343,0.03267981857061386,237
0.8082087730107835,0.7635399246482858,26.32214396938656,0.050367821007966995,0.0027263418305665255,0.02621733956038952,238
0.7586911067926579,0.8882808117218058,28.49462251772061,0.03931194171309471,0.0016628834418952465,0.00965400505810976,239
0.8074650747538609,0.7003378136319544,25.79489122803794,0.052698586136102676,0.0029058142099529505,0.02516409568488598,240
0.6331155336749245,0.8446605584834356,32.151768689045646,0.030648933723568916,0.0012324720155447721,0.012025570496916771,241
0.768461235495307,0.9309718174481018,30.179105973690685,0.03509068861603737,0.001475285622291267,0.0064943889155983925,242
0.8289387691644429,0.6694183665447749,26.22559685864364,0.05017651990056038,0.002637589583173394,0.02840661071240902,243
0.8705482312355312,0.723402480654911,25.917517537666644,0.05206264182925224,0.0028473043348640203,0.024945978075265884,244
0.8745278497240688,0.7820561471835915,25.040428955536303,0.05787952244281769,0.0035480493679642677,0.02246975526213646,245
0.52531266470527,0.9616950585507472,52.537869240421934,0.0023672031238675117,5.6305102589249145e-06,0.001956423046067357,246
0.5702554034358575,0.7689942632090864,36.94665175767917,0.03840702027082443,0.00289545557461679,0.024571647867560387,247
0.7818667564205803,0.6336275353509532,24.95367198129621,0.05823551490902901,0.0035698008723556995,0.03286222741007805,248
0.797428435509988,0.5444243803224506,23.116647296632596,0.07233337312936783,0.0055456883274018764,0.04980592429637909,249
0.6567422323919624,0.6820662596721414,26.062681975349506,0.05407674238085747,0.0033297028858214617,0.027202429249882698,250
0.7852446809234558,0.7623890278717887,29.733242460102684,0.034072134643793106,0.001264867722056806,0.014531228691339493,251
0.8717745279668518,0.6979108879462274,28.429610277376145,0.03887757658958435,0.001581939053721726,0.023720331490039825,252
0.8664473968255436,0.7513925995628489,29.41114031246413,0.034812700003385544,0.0012790964683517814,0.019482221454381943,253
0.8667264642186847,0.7798368189947507,29.994272113026017,0.032260727137327194,0.001078825443983078,0.017704330384731293,254
0.8936686508097785,0.7683205066144557,29.100106431451767,0.03613390773534775,0.001376573694869876,0.019635392352938652,255
0.8538965089016486,0.7498876126532826,26.735363514169375,0.05476292967796326,0.0040900385938584805,0.027315592393279076,256
0.8860858759832694,0.6788067216311912,22.816275510493654,0.07538224011659622,0.006097374018281698,0.04042111337184906,257
0.8863474133898263,0.7333409748664247,23.050176929429593,0.074921615421772,0.00620403653010726,0.036949291825294495,258
0.8865789702387875,0.6062805445970098,22.53111378707386,0.07773015648126602,0.0064432742074131966,0.04509327933192253,259
0.8824888964984637,0.6288861965067242,23.79118916385363,0.06753400713205338,0.004944062326103449,0.03849826008081436,260
0.8958247477216578,0.8607626183797986,36.50277816577469,0.01526953186839819,0.0002427670988254249,0.008357315324246883,261
0.719612295754636,0.8420222369278075,32.002622494564775,0.026674499735236168,0.0007874482544139028,0.00970434956252575,262
0.5310347799558636,0.8870414450940772,29.879821471329137,0.03277161344885826,0.0011132280342280865,0.007537612225860357,263
0.5183951513024133,0.9377183972890663,38.55175250615137,0.01272262167185545,0.00017951487097889185,0.004183036275207996,264
0.7587896201611347,0.7102967200151108,31.096968221505126,0.05055859312415123,0.004460388328880072,0.03285115212202072,265
0.8343265874412725,0.48912537602999756,19.53855921514351,0.11001694947481155,0.012994333170354366,0.06892188638448715,266
0.9018329520808113,0.7034616099751436,21.505474070644485,0.08766862004995346,0.008266531862318516,0.04496395215392113,267
0.8843283199212865,0.5561666106254418,20.378952578558927,0.09913977235555649,0.0104106729850173,0.06280139088630676,268
0.8231613876770006,0.4477091410408451,18.742157356002227,0.12024024873971939,0.015422197058796883,0.083607017993927,269
0.8630048788300129,0.5080115425700839,20.07335333930569,0.10236773639917374,0.011042858473956585,0.07438859343528748,270
0.8463731349399338,0.5441722273503763,19.62179822798849,0.10824399441480637,0.012436522170901299,0.07242553681135178,271
0.8477235453768098,0.5709966955424406,19.643938627080804,0.10864844173192978,0.012629096396267414,0.07339324057102203,272
0.9595317771939155,0.7265413811089335,25.429324263901236,0.0553765706717968,0.003256180789321661,0.04109647497534752,273
0.9268249655289678,0.7814953516669402,24.513481412850723,0.06351647526025772,0.004534894600510597,0.036759667098522186,274
0.9179648328472533,0.8034599409734882,24.328958605643834,0.06395027041435242,0.004438755568116903,0.03309723734855652,275
0.8985758861509489,0.7764827969450506,22.601840297340658,0.07951290160417557,0.007160323206335306,0.043599583208560944,276
0.8972307394071158,0.7390523618271669,21.38742615616759,0.09046640247106552,0.009049518965184689,0.04996607080101967,277
0.8919500701097589,0.7471554300653424,21.805150886474667,0.08547864109277725,0.007925285026431084,0.04846629500389099,278
0.9084837779454888,0.6591598598974978,21.936439615138084,0.08425722271203995,0.007804637774825096,0.052215274423360825,279
0.9132913263426975,0.6688045100456614,22.238653387651087,0.08176759630441666,0.007376013323664665,0.05655119568109512,280
0.9267440397570866,0.6688755847783566,22.727733879603946,0.07647911459207535,0.006307534407824278,0.05187663435935974,281
0.8725153818268079,0.6754538223639939,25.73829935943625,0.05353616550564766,0.0030440750997513533,0.03402186185121536,282
0.8986234394637446,0.7019746772182192,25.316856531324827,0.059774160385131836,0.004267210606485605,0.0410923957824707,283
0.8942710641612314,0.6767545572056504,22.76628348100154,0.07567208260297775,0.006145850755274296,0.05344322696328163,284
0.9362272547705661,0.7188551674712699,23.88949766248881,0.06733515113592148,0.004980779252946377,0.04863661155104637,285
0.8392140071855171,0.7746342590681508,28.84304429652937,0.042618513107299805,0.002417048905044794,0.02814372442662716,286
0.6598624608543542,0.8428821831179567,33.807598325530144,0.020607754588127136,0.00043227977585047483,0.00864870473742485,287
0.7854444610058054,0.7670630266348949,29.501017645197464,0.033976685255765915,0.001186580746434629,0.01600632816553116,288
0.8370674584306123,0.6696679142331945,26.12611521791833,0.05584629252552986,0.0039055580273270607,0.034458111971616745,289
0.9311208636730491,0.6000452212949571,22.221349545897436,0.08001856505870819,0.006745191756635904,0.04969070106744766,290
0.9366878479179276,0.6778475392534838,24.0941468295906,0.06576105952262878,0.00470759067684412,0.043333668261766434,291
0.9094574770237475,0.6503459046812944,23.63910335888725,0.06989149749279022,0.005408910568803549,0.04749093949794769,292
0.9408630469127136,0.6823585414062286,23.824781574674557,0.06768017262220383,0.005010726395994425,0.047743745148181915,293
0.8952174806160831,0.5916891300051826,21.97168429572267,0.08423688262701035,0.007774128578603268,0.059720031917095184,294
0.9152430560945503,0.6396599230306208,23.724760385528686,0.0694594457745552,0.005352904554456472,0.04550042003393173,295
0.904204755968775,0.6333961395619693,23.103078655227858,0.07477828115224838,0.00623442605137825,0.05136004090309143,296
0.7105032450580356,0.8087301618762776,35.714828232473316,0.01664956472814083,0.00028583468520082533,0.010222832672297955,297
0.8027602551515333,0.8280963682318528,34.47606146246812,0.020940935239195824,0.0005186384078115225,0.011483661830425262,298
0.775463870948681,0.748806166273377,30.856521963069525,0.029123449698090553,0.0008739788900129497,0.015538818202912807,299
0.8510196416518833,0.9310493522478653,37.91189908174673,0.012736587785184383,0.0001627021556487307,0.0041321502067148685,300
0.7728116180941399,0.9456730341997212,44.733909687226976,0.007275582756847143,7.192017801571637e-05,0.0030109179206192493,301
0.7027654794177876,0.9303735816620277,48.03107702947002,0.004045997280627489,1.6993040844681673e-05,0.0030789535958319902,302
0.8772132493056075,0.5662793620460865,21.59047909862194,0.08710134029388428,0.008171843364834785,0.054011814296245575,303
0.8247266513498621,0.5518539136399155,21.03272393827771,0.09399760514497757,0.009693954139947891,0.05912770330905914,304
0.8729140142915709,0.5626910742002015,21.512507204163736,0.08797692507505417,0.008393227122724056,0.059892017394304276,305
0.879883892767365,0.537063111130689,23.115096225591575,0.07274297624826431,0.005664181895554066,0.05236531049013138,306
0.8891290437697306,0.6755256290339572,24.6000383389908,0.06263068318367004,0.004376525525003672,0.03729701414704323,307
0.8833507741278838,0.7936286434806502,27.58842401921416,0.04308629035949707,0.0019601155072450638,0.01805192045867443,308
0.8647009964872557,0.6532218391764224,24.821300610155816,0.06076175346970558,0.004066056106239557,0.040197983384132385,309
0.8141931092891168,0.7448380461135691,28.611768370887617,0.04063571244478226,0.001966276904568076,0.02279406040906906,310
0.6876865425163765,0.7747989122624647,31.11019721044619,0.028432538732886314,0.0008419945370405912,0.01297431718558073,311
0.8800700032839354,0.599131223089708,21.77723842671459,0.08457203954458237,0.007596076466143131,0.05139665678143501,312
0.8116484218314127,0.5456158338529445,20.527591578394436,0.10054854303598404,0.011291706934571266,0.06462201476097107,313
0.8208566045453441,0.5158927193493289,20.756711468820352,0.09666473418474197,0.010216868482530117,0.06458736956119537,314
0.88951163967692,0.6146310934270898,21.473580558893108,0.0888129398226738,0.008555414155125618,0.055551763623952866,315
0.8609791419303585,0.5736915227078597,21.55324363393297,0.0906280055642128,0.009374823421239853,0.05722694844007492,316
0.8798486462144623,0.6039817797669068,21.96487928473361,0.08472741395235062,0.007881480269134045,0.05375530198216438,317
0.8772845935820763,0.733297292564528,27.755621472802616,0.04301245138049126,0.002010609023272991,0.026423688977956772,318
0.7212421131516802,0.8358503542399319,36.937956517600135,0.023594634607434273,0.000956470612436533,0.01432241965085268,319
0.5704690496837138,0.9473074765440826,45.911341575534514,0.0050923521630465984,2.6206669645034708e-05,0.0024912783410400152,320
0.8361657216907129,0.705940432476123,28.312148191285086,0.039567798376083374,0.0016538561321794987,0.024786224588751793,321
0.8122129550460033,0.6235473095216184,24.157691868714352,0.06859413534402847,0.005582075100392103,0.03957299515604973,322
0.809815066355109,0.6589735714076709,22.936317532602448,0.07261506468057632,0.005438718944787979,0.03433902934193611,323
0.7731924194991997,0.590150232023317,20.850556251696265,0.09302494674921036,0.009050699882209301,0.05195023864507675,324
0.7454131917421792,0.7999848672445897,33.16610830009114,0.03986174240708351,0.002755630062893033,0.01893884874880314,325
0.692484776499433,0.9310052768110143,45.052284226104724,0.005707853939384222,3.3902058930834755e-05,0.002942865015938878,326
0.7992558062914271,0.5396143609402193,19.375414425579287,0.11118064075708389,0.013033289462327957,0.07073351740837097,327
0.8228245810178617,0.5310312628332243,20.29139050544648,0.10020466893911362,0.010640020482242107,0.06418057531118393,328
0.8753128772698457,0.5394025010208784,20.89738356981535,0.09347028285264969,0.009257408790290356,0.06358768045902252,329
0.7984522296759599,0.5104970906093877,20.232484369205668,0.10185215622186661,0.011196260340511799,0.07039841264486313,330
0.7803085319849833,0.6785596840829284,24.833514450121623,0.063103087246418,0.004617046099156141,0.03458167985081673,331
0.9137216690301306,0.7997334334053878,31.21891079231968,0.028379162773489952,0.0008526428136974573,0.012246668338775635,332
0.8918804074232534,0.6859073683814043,25.960213579328947,0.05254781246185303,0.0029577547684311867,0.03856717050075531,333
0.8553497295278403,0.6650726133732247,22.96755548734321,0.07832029461860657,0.0070905121974647045,0.04811424762010574,334
0.8892388198145641,0.6128750632383847,21.284358908497808,0.08868727833032608,0.008232291787862778,0.04970535635948181,335
0.8891659829858839,0.5632212856231451,21.141939925315118,0.09264343231916428,0.009395110420882702,0.06151406839489937,336
0.8887632052949813,0.5603453687213238,21.50036730369888,0.08777236193418503,0.008273787796497345,0.057709094136953354,337
0.8409933224354975,0.5299915084985426,20.904838785791963,0.09400492906570435,0.00944861862808466,0.06332336366176605,338
0.9361605260158742,0.8285483852719949,30.176754639404336,0.03162766620516777,0.0010377393336966634,0.012583141215145588,339
0.8726377501833378,0.7437749299542432,28.3274429002812,0.04299432039260864,0.0023195073008537292,0.02177787758409977,340
0.8298942802777098,0.6544341900119042,23.49945449041957,0.07200825959444046,0.005892438814043999,0.04286660626530647,341
0.6308917463355447,0.8365688008535884,36.6692648137299,0.01493203267455101,0.0002296232560183853,0.007076875306665897,342
0.707632115941825,0.7648335017145736,32.24242958121378,0.0337228961288929,0.0017951627960428596,0.021722273901104927,343
0.8761030407768285,0.5854449444783901,23.979659285337988,0.06706026941537857,0.004962954204529524,0.046879544854164124,344
0.917711242238218,0.670079574428102,25.508714632829058,0.05661278963088989,0.0035624010488390923,0.03798655793070793,345
0.7994465597307313,0.7812730241885202,35.593993232301216,0.0326283760368824,0.002012870740145445,0.022257598116993904,346
0.48673092775776167,0.8883836967519564,43.15549177344051,0.0071047027595341206,5.249381501926109e-05,0.0041213566437363625,347
0.8343847580663657,0.5476009894840086,20.645188922975866,0.09550801664590836,0.009544996544718742,0.0645332857966423,348
0.832750238226072,0.5678084833811688,21.072850959324988,0.09122574329376221,0.008766131475567818,0.06105240061879158,349
0.8413255135190654,0.5462727888567264,20.84628767691093,0.0940246507525444,0.009368888102471828,0.06318394094705582,350
0.8308286095427735,0.7632905570409619,28.92889937076843,0.03743056580424309,0.0015251783188432455,0.016433782875537872,351
0.8754244201197402,0.8343463844413659,32.2367148013217,0.025291329249739647,0.0006811633356846869,0.013647736050188541,352
0.9110138003243401,0.8062644984884407,32.91636206020095,0.02317405305802822,0.0005620892625302076,0.016180556267499924,353
0.8678237459786464,0.548432522413968,20.901329291926743,0.0930192843079567,0.009133095853030682,0.06230808049440384,354
0.9018140336238897,0.6664541895985201,24.758073901503863,0.06232810392975807,0.004403149709105492,0.039422228932380676,355
0.9174977580775051,0.6959247948363796,27.640614161565537,0.04344680905342102,0.0020421191584318876,0.028948120772838593,356
0.9027862957226013,0.6505020025523833,25.99792804624752,0.05225898697972298,0.002928029978647828,0.03682044520974159,357
0.7725847696529589,0.7381230660512674,32.01618825065194,0.03192455694079399,0.0014671824174001813,0.020502479746937752,358
0.6961025118102624,0.8795472553702158,39.7261886921746,0.010434016585350037,0.00011146299948450178,0.006244773045182228,359
0.7816899893640525,0.8823819686572726,37.02457477152756,0.014681329019367695,0.00023110199254006147,0.005711834877729416,360
0.7382850954397794,0.7535956046859117,31.505905693864857,0.03572239354252815,0.001897019101306796,0.017868783324956894,361
0.9200461285425755,0.7479505757276236,26.502259769535005,0.04817699268460274,0.0023960338439792395,0.022176314145326614,362
0.8387453769550032,0.6570393568478651,21.825805694556646,0.0836118683218956,0.007349943742156029,0.048866596072912216,363
0.8817152889279232,0.6937847885523039,27.8672164679072,0.04849252477288246,0.0031247204169631004,0.03056013584136963,364
0.8946459924184605,0.8378224445265299,32.96080209538284,0.023182397708296776,0.0005672769038937986,0.013413595035672188,365
0.8691863879626647,0.5498160905566799,21.473717773869506,0.08692044019699097,0.00793677382171154,0.0622667632997036,366
0.8809456912273403,0.5722356984643348,22.24468321763075,0.08012665808200836,0.0068303057923913,0.05402211844921112,367
0.8606429199978196,0.5388555940731422,21.679073440636504,0.08582206815481186,0.007890881039202213,0.06214800477027893,368
0.9064838807349099,0.7081267930271985,26.275290527410863,0.050744641572237015,0.0027684271335601807,0.03395406901836395,369
0.7433038387503518,0.7888731764703835,34.483170359743276,0.028214992955327034,0.001292689237743616,0.01753956824541092,370
0.6661609328006373,0.8859702718234276,45.19241564779011,0.0057084509171545506,3.4819408028852195e-05,0.0040747676976025105,371
0.8904990705968898,0.748224699686585,25.43080542250409,0.055059898644685745,0.0031808640342205763,0.025996653363108635,372
0.5835771769864603,0.8584373750996065,34.258083301711814,0.02574051357805729,0.0009755856590345502,0.009982713498175144,373
0.17729316607919,0.9474977133317944,48.27655024576135,0.003980409353971481,1.6625459466013126e-05,0.002289051888510585,374
0.8424175585667104,0.5168323671156744,21.278046964648045,0.08983278274536133,0.00860175583511591,0.05807491019368172,375
0.8552086632297207,0.5714094163776126,22.273081351069873,0.08048094063997269,0.006992481183260679,0.04882732406258583,376
0.8467462369109408,0.6200833966372353,22.279970347309114,0.08020953088998795,0.006876728963106871,0.04462655261158943,377
0.8406941261518908,0.7041171069641047,27.282134473559072,0.044165775179862976,0.0020218451973050833,0.023759298026561737,378
0.8410188036412984,0.7052052074519229,27.92201760814149,0.04163386672735214,0.0018412515055388212,0.022742973640561104,379
0.8594012024124438,0.6571780018786774,26.890985688439105,0.04695507884025574,0.0023536712396889925,0.029418302699923515,380
0.7652226510982917,0.45758313188657485,21.386352664710287,0.08869113773107529,0.008383226580917835,0.06349942088127136,381
0.8493197658689032,0.6066156078938794,22.15141706776451,0.08114160597324371,0.0070131691172719,0.04993908479809761,382
0.9087508816742034,0.6565624748818303,23.43172342994343,0.07011249661445618,0.005248572677373886,0.041382286697626114,383
0.9179174424560094,0.6916878228988249,23.608657812242143,0.06898865103721619,0.005124468356370926,0.042089108377695084,384
0.8857524621598042,0.7630171130102991,31.972142818507706,0.04283799231052399,0.003243560902774334,0.025031372904777527,385
0.775874794418654,0.8856521571272423,40.21958447386948,0.010218122974038124,0.00011487933079479262,0.005342767108231783,386
0.9398574125806727,0.6899421145004269,22.909497277300716,0.07482695579528809,0.006034987047314644,0.046412914991378784,387
0.9425289616909507,0.6764214578649609,23.524199190735967,0.06893650442361832,0.005034185480326414,0.04046172648668289,388
0.9301389822089062,0.6761916461900084,23.595737302859963,0.06946171075105667,0.005285982508212328,0.0393662266433239,389
0.7468126627646899,0.955106634038274,48.55060499313114,0.003898976370692253,1.6625070202280767e-05,0.002264906419441104,390
0.7467210755348962,0.7053407459914639,31.779801390676102,0.05336165428161621,0.005181111861020327,0.03626250475645065,391
0.8305248127144922,0.5551823759693982,21.88662304058123,0.08323457092046738,0.007342071272432804,0.04987768828868866,392
0.6846535826373042,0.7124886391458295,29.354643453118488,0.03482595458626747,0.0012615775922313333,0.019948283210396767,393
0.7733274989222011,0.7471339410438759,29.745553660165523,0.033633697777986526,0.0011935202637687325,0.01750089041888714,394
0.9284999513536635,0.8063528315170602,32.210617054616115,0.025035716593265533,0.0006498569273389876,0.012625579722225666,395
0.9023411608613365,0.6644818755415379,22.294126867662147,0.07952835410833359,0.006720595993101597,0.04181693121790886,396
0.9450863865118312,0.7478055285327283,25.544170927113182,0.05662183836102486,0.0036307007540017366,0.02947320230305195,397
0.9587852506040587,0.7332948072292641,25.151293156650734,0.058163832873106,0.0036936986725777388,0.02939680404961109,398
0.8834987498794232,0.6594603450987823,23.662605862777866,0.06912385672330856,0.005228743888437748,0.040392931550741196,399
0.9269810580773657,0.7194932456573192,24.44347668460982,0.06261517852544785,0.004218435846269131,0.03676047548651695,400
0.9189624145332442,0.6582130476099001,23.16948103164371,0.0728793665766716,0.005746340844780207,0.04138864949345589,401
0.9353919447223982,0.6780938130688732,22.460586532377686,0.07849957793951035,0.006592650432139635,0.0481332503259182,402
0.9382090993129347,0.6641066269846125,22.555975860006544,0.07744019478559494,0.006392437964677811,0.046080537140369415,403
0.9390988080747178,0.6097719640327305,22.492592622051188,0.07802578061819077,0.006494942586869001,0.04725062474608421,404
0.9186421607138872,0.6332268712916927,22.46543518788828,0.07966064661741257,0.006952416151762009,0.048896558582782745,405
0.7355946884892038,0.7486444075679497,31.976125596616157,0.057128071784973145,0.006360951345413923,0.033354781568050385,406
0.6703895013229323,0.950568083263672,45.263225295775236,0.005480051506310701,3.0302524464786984e-05,0.002426820108667016,407
0.7251758490135648,0.8135258420460284,24.103835601317275,0.06675265729427338,0.004938016179949045,0.021817829459905624,408
0.8077633058645036,0.6607444335739978,22.590070195668904,0.07955197244882584,0.007157254032790661,0.04106508195400238,409
0.7450700910909268,0.5308830266207861,19.389871901471512,0.1138172373175621,0.014217652380466461,0.06920889019966125,410
0.7440225252349997,0.7580165297456535,24.1344914119915,0.0648571327328682,0.00450266245752573,0.022720839828252792,411
0.8297587428000489,0.7026173170321517,24.105307669276396,0.06558945775032043,0.0046791876666247845,0.03206689655780792,412
0.8543504627262966,0.5753583424725442,22.624248362970288,0.0795869305729866,0.0071213035844266415,0.04902508482336998,413
0.6975112548219884,0.9319965880342854,43.16870834837719,0.007030346896499395,5.055650035501458e-05,0.0036942337173968554,414
0.8085083531005269,0.8171778415994192,33.02641486543065,0.04609164595603943,0.003940267022699118,0.02339189313352108,415
0.9040554519319542,0.7010538676288549,22.209489794118838,0.08091370016336441,0.007084452547132969,0.03949533402919769,416
0.8282409442502728,0.7078024108435885,29.343366813378253,0.03486085310578346,0.0012636131141334772,0.019869908690452576,417
0.8152683934029349,0.799397212968108,28.746881929990323,0.03847194090485573,0.0016344311879947782,0.015130771324038506,418
0.758317100692846,0.8314307638133395,26.55462568350829,0.04924337938427925,0.0026217226404696703,0.016453830525279045,419
0.8277725013994184,0.674119261707089,21.377629937140313,0.08978047221899033,0.00875000562518835,0.04621569439768791,420
0.8127421429181171,0.5613854640514259,19.91514649469686,0.10673690587282181,0.012468825094401836,0.0642712339758873,421
0.8298503912883991,0.5234757556352658,19.42163921051689,0.11184040457010269,0.013484804891049862,0.07348505407571793,422
0.799540297298269,0.7011214512071059,24.206810363502758,0.06397312879562378,0.004370689857751131,0.0296651441603899,423
0.70223435674147,0.7229295897780417,23.82919141205166,0.06816194206476212,0.005112945102155209,0.026042399927973747,424
0.834778322557681,0.7290593720670779,23.32169736620932,0.07045170664787292,0.005224375985562801,0.02849680185317993,425
0.8401684246342759,0.6861318546896923,22.694200804523206,0.07556968182325363,0.006001732312142849,0.03355324640870094,426
0.8293893247405979,0.7419016581581653,25.117074743919755,0.057252902537584305,0.0034600684884935617,0.02466917410492897,427
0.7831544402078016,0.7677179617785348,27.900149979025954,0.04122938588261604,0.0017777218017727137,0.0172573272138834,428
0.9071272184052,0.8190798605118745,24.734193397602287,0.060770582407712936,0.0039759050123393536,0.022041475400328636,429
0.8126264161343064,0.7998535317531094,25.24533882388269,0.05757104232907295,0.003604085883125663,0.02076605148613453,430
0.5996500360145472,0.7859157737093742,29.072966239619774,0.03864056244492531,0.0017883096588775516,0.014581306837499142,431
0.8315311017619621,0.5701562405835502,19.760445800791796,0.10737290233373642,0.012337036430835724,0.06632259488105774,432
0.8855809887337074,0.7155495238281033,26.313282010007327,0.06125881150364876,0.005327487364411354,0.03447949141263962,433
0.8462481500179315,0.7852917744749174,32.792638298701526,0.02334422618150711,0.0005624955520033836,0.014139554463326931,434
0.7068551556137178,0.7350299620096991,22.989027595685656,0.07458353042602539,0.006026936694979668,0.028743760660290718,435
0.7861906269555217,0.6241905201458163,23.643205956482504,0.06843266636133194,0.00501592829823494,0.0371151827275753,436
0.7865641355592778,0.44653060335770106,20.96009485003394,0.09299102425575256,0.009214757941663265,0.06514506042003632,437
0.7319472059721731,0.957283373680195,50.81286600566142,0.002917767269536853,8.727900421945378e-06,0.0020294105634093285,438
0.8012770265668934,0.8352604538376683,34.52718545774146,0.03717361018061638,0.0025779991410672665,0.015812337398529053,439
0.9389684394482586,0.7742684028072411,24.516427728839233,0.06177574396133423,0.004087422043085098,0.02713949792087078,440
0.8834192639528378,0.7088743121699951,22.569845526028956,0.07787419110536575,0.006585371680557728,0.03671479970216751,441
0.876482633690316,0.5877035421043343,21.074401619912226,0.09521663188934326,0.010356291197240353,0.06161358579993248,442
0.9046316498368473,0.5972863091171763,21.0440596385276,0.09196412563323975,0.008990117348730564,0.05866016447544098,443
0.7572743183293039,0.5079467068708943,22.37820413469071,0.07999057322740555,0.006974295247346163,0.05292358249425888,444
0.8697967265058774,0.6091580583063747,23.6277567298204,0.06916477531194687,0.0051744068041443825,0.04466962814331055,445
0.9328841560559974,0.6783809313197143,23.981228934981875,0.06730601191520691,0.005039582494646311,0.04156075417995453,446
0.7105798856378605,0.913766853457768,43.99190276931768,0.006458080839365721,4.3470325181260705e-05,0.0038063761312514544,447
0.7972556069258229,0.9204690533239724,44.0478808960953,0.006343131884932518,4.101466402062215e-05,0.003871075576171279,448
0.7887427538336848,0.8814960016677231,41.20491658970024,0.008948681876063347,8.408649591729045e-05,0.005399532150477171,449
0.851482743750636,0.6402785105378248,24.091162137086357,0.06563086807727814,0.004677485674619675,0.045537929981946945,450
0.8560792846287676,0.75368435756236,26.849519183875643,0.05087817832827568,0.003077203407883644,0.027898970991373062,451
0.8359283279578239,0.8474912978394228,29.091055783601377,0.03756401315331459,0.0015712225576862693,0.01164335384964943,452
0.8761450579573739,0.7913342610008661,26.125317350695543,0.05212317779660225,0.0029650519136339426,0.018116513267159462,453
0.7632930881834903,0.8681899895086517,33.06212070429317,0.03433328494429588,0.0019329602364450693,0.013755866326391697,454
0.805328864696231,0.9563583324619266,47.21467379097847,0.004523543640971184,2.2235333744902164e-05,0.002744628582149744,455
0.628176416882856,0.6458877604326688,25.146533679933437,0.05688779428601265,0.003396247513592243,0.02701900154352188,456
0.7522022071977147,0.6403242572550153,25.35640412048937,0.05555314943194389,0.0032433734741061926,0.030191000550985336,457
0.7641751304699446,0.6278618223913687,25.665134127172895,0.05350453779101372,0.003001622622832656,0.030600927770137787,458
0.6970006092570115,0.8134722702474703,32.16484130347698,0.02619757689535618,0.0007554723997600377,0.009887244552373886,459
0.7304692745888645,0.7556416786624496,28.907483922424447,0.03695439547300339,0.001445152796804905,0.01573403738439083,460
0.7265237940035935,0.6849623713266796,27.290996114933353,0.04405082389712334,0.0020074269268661737,0.022251270711421967,461
0.8942672841817308,0.8433206254442484,27.696880767116294,0.04264399781823158,0.0019264061702415347,0.015622020699083805,462
0.8629279137184659,0.7979160594338067,26.741338489393836,0.048355232924222946,0.0025519276969134808,0.018156012520194054,463
0.9311628669093605,0.7862934518861421,24.625228770742783,0.06095314025878906,0.00395042821764946,0.024202244356274605,464
0.8773707930856322,0.6952909878135175,22.276001866320424,0.07934418320655823,0.006622088607400656,0.036324311047792435,465
0.811232988295233,0.65959659218891,20.413985566862525,0.09960363060235977,0.010630459524691105,0.04854973033070564,466
0.8132469552557318,0.6081308194243781,19.673166748609496,0.10887406021356583,0.012845467776060104,0.05920227989554405,467
0.7329759182272726,0.9328969409652673,37.166484621659286,0.016321251168847084,0.0003401260473765433,0.004726500250399113,468
0.721617670398322,0.8172894026070424,34.28987391727644,0.036112770438194275,0.002441493095830083,0.016122901812195778,469
0.8716604045124002,0.6722970281532431,21.506189797895264,0.08809852600097656,0.008371719159185886,0.04411362111568451,470
0.8790044625719117,0.776172092410194,24.838590726169645,0.06126726046204567,0.004174504429101944,0.023977579548954964,471
0.8486551222657984,0.7170023043677561,24.353858677785894,0.06564640998840332,0.0049981605261564255,0.03235425427556038,472
0.763032398362303,0.8076573991776695,30.89821355328053,0.033296242356300354,0.0014682748587802052,0.014387696050107479,473
0.8625362777249155,0.6974390438263326,26.41462185764937,0.04929324984550476,0.0025702884886413813,0.02907373197376728,474
0.7974825498589597,0.8176956294477202,31.362322981639952,0.03128506615757942,0.0012313188053667545,0.015169159509241581,475
0.8398138214500147,0.9081106512764127,36.91786034269423,0.014688496477901936,0.00022822681057732552,0.005177765153348446,476
0.7892080907265089,0.79849520166151,29.82868363408816,0.033401601016521454,0.0011838997015729547,0.014111465774476528,477
0.8856080778707925,0.7075000789266083,24.784368207915946,0.06683013588190079,0.005696076434105635,0.03531506285071373,478
0.9135261816359538,0.7232471359321536,23.021598708796205,0.07301545143127441,0.005659077782183886,0.03967566415667534,479
0.9480088218620703,0.6870546742186866,22.495255918532198,0.07721012085676193,0.006256085354834795,0.0490618534386158,480
0.9445176683911404,0.6802727905015948,22.508783926424467,0.07692082226276398,0.006191220600157976,0.048337291926145554,481
0.9405807573992359,0.688630167687743,22.50298040114852,0.07705583423376083,0.006224300246685743,0.04895676672458649,482
0.9481031731085491,0.6873008482228218,23.032255248874396,0.0724329799413681,0.00548964086920023,0.04747989401221275,483
0.6554331401175285,0.7638368613555402,31.744174491094626,0.04038459435105324,0.0026568041648715734,0.026492496952414513,484
0.48145545977130827,0.7159932312674409,37.927759731412884,0.01331692561507225,0.0001938607747433707,0.010162158869206905,485
0.7626936365897142,0.7243178190157655,22.272376533332533,0.0818159282207489,0.007362307049334049,0.036870211362838745,486
0.7952264907221686,0.805039941890214,31.83568334175639,0.05076315999031067,0.0048230295069515705,0.025043530389666557,487
0.7865611903207034,0.8896864836105455,41.511427026607954,0.008640640415251255,8.010141755221412e-05,0.004987824708223343,488
0.9032288861429404,0.6599991334951923,22.117581115936602,0.08067170530557632,0.006838831584900618,0.04622858017683029,489
0.920973492135713,0.691708618552056,23.267653359562235,0.07104871422052383,0.005400454625487328,0.04025892913341522,490
0.9263667720615807,0.7307996369644565,24.17199597491617,0.06358709931373596,0.00426869373768568,0.03439152613282204,491
0.8962978620545368,0.6444611129657939,20.91622632062473,0.09372668713331223,0.009408635087311268,0.05521984398365021,492
0.8737360433045699,0.6116430989769107,20.753935555148374,0.09547573328018188,0.009729725308716297,0.05929609015583992,493
0.8820454840316462,0.6060817564974795,21.68779361293267,0.0852639302611351,0.007726628333330154,0.0543319508433342,494
0.6712027386163261,0.8050956086622909,40.7930469963643,0.009156430140137672,8.434613118879497e-05,0.0070646218955516815,495
0.723529382179723,0.7827278040035305,31.857517598956495,0.04928990826010704,0.004612935706973076,0.023381147533655167,496
0.8281716974674053,0.6246273388241714,20.200020920960167,0.10228121280670166,0.011233239434659481,0.05724037066102028,497
0.8141370447003832,0.7357164497678181,28.650849870184448,0.03791629895567894,0.001501584774814546,0.018939726054668427,498
0.7474625073649142,0.8253423997002051,34.57468435459213,0.022122735157608986,0.0006454823887906969,0.011033634655177593,499
0.555366194355036,0.8347764470377097,38.63554135229079,0.011761956848204136,0.00013974355533719063,0.006387790199369192,500
0.7976241805477171,0.849304485173545,30.932409679267455,0.02918323315680027,0.0008923967252485454,0.010822528041899204,501
0.7540355098138422,0.8838746833322002,39.13794929775995,0.015478074550628662,0.00036225991789251566,0.006556463427841663,502
0.6081430910756986,0.9306753168896983,45.942141707700365,0.0051366668194532394,2.7304553441354074e-05,0.003051785985007882,503
0.797563918117976,0.8297281605164176,33.03590280523162,0.022697262465953827,0.0005331846186891198,0.010059036314487457,504
0.7845925203518999,0.8040911564083616,30.683624894596107,0.03072269819676876,0.0010341994930058718,0.013393967412412167,505
0.7018431900034307,0.8003514493222273,28.59704099272787,0.03895338997244835,0.0016334278043359518,0.015381751582026482,506
0.6254036395734187,0.8005903966156259,28.112815820641146,0.042323529720306396,0.0019842833280563354,0.013870835304260254,507
0.8441068710105059,0.8029771773146598,25.959205205947566,0.05192729830741882,0.0028502140194177628,0.021897362545132637,508
0.9055800135347072,0.7126717360720897,24.588875346030857,0.06078595295548439,0.0038884496316313744,0.03249606490135193,509
0.9022184823734998,0.6970323351983106,24.099586943617506,0.064561627805233,0.004428503569215536,0.036212723702192307,510
0.906616943917272,0.7410650907275588,25.110497136028723,0.05779612064361572,0.003552929498255253,0.027839520946145058,511
0.9348299819460406,0.8148887757602764,27.294609925474703,0.04498174414038658,0.0021651769056916237,0.018727965652942657,512
0.8804459699256969,0.7687865856853234,23.02142517286138,0.07396653294563293,0.005887327250093222,0.03265922889113426,513
0.8087430845061722,0.8470488527387503,31.626415447083062,0.037828948348760605,0.0022849207744002342,0.015362560749053955,514
0.679395068465904,0.8896455862862425,36.71728904852177,0.014829660765826702,0.0002260235050925985,0.006025799084454775,515
0.8236489433173606,0.6440066747107708,25.269150071805342,0.05614139512181282,0.0033141833264380693,0.029631473124027252,516
0.8014101898229876,0.6600841062991772,24.107023112081663,0.06467678397893906,0.00446278927847743,0.03066422790288925,517
0.6354800269031815,0.7985530562376955,26.677094892908258,0.048818767070770264,0.0025882674381136894,0.016872264444828033,518
0.8026641210649332,0.6698195820361766,22.01513791846004,0.0825084000825882,0.0073052565567195415,0.03713015094399452,519
0.7976374687623858,0.7356514127950162,23.565982738264477,0.07138768583536148,0.005866709165275097,0.02972380258142948,520
0.9044650483305988,0.7598998961892365,23.892969254277855,0.065914086997509,0.004613057244569063,0.02885703556239605,521
0.5014812554082761,0.9163979829967493,39.780588751097575,0.010441392660140991,0.00011212698154849932,0.0040535638108849525,522
0.6868249641951141,0.848110080057464,32.491884203189116,0.031192338094115257,0.001401661429554224,0.012112568132579327,523
0.911558749165899,0.8231472313434337,27.11033963593015,0.04570874571800232,0.0022104685194790363,0.01820601336658001,524
0.5662836086535711,0.9359585275996988,43.53312274214125,0.006788152735680342,4.772070678882301e-05,0.00324100349098444,525
0.7372781250004428,0.7950801893508141,35.97467642653863,0.0260443314909935,0.001159466220997274,0.01711413636803627,526
0.864742800536847,0.6981509581157509,28.535026068198334,0.038824815303087234,0.001612150575965643,0.024618757888674736,527
0.9180836022762874,0.7611872122675413,23.62801256561194,0.06863842904567719,0.005087271798402071,0.030309857800602913,528
0.9447828721719778,0.7565222006191549,25.673398616407454,0.057779710739851,0.004039437510073185,0.03077915497124195,529
0.9425939150057646,0.6368187911208466,22.45363820245343,0.07806647568941116,0.006473403424024582,0.04779992625117302,530
0.9159228092049765,0.6459613908678962,21.536999099880617,0.08674255013465881,0.007971484214067459,0.05627455562353134,531
0.8611652369944176,0.7475202317479649,26.812510909684352,0.05239203944802284,0.0034421775490045547,0.030636098235845566,532
0.8139328099877954,0.8824592472205932,32.062021717580954,0.025678599253296852,0.0006913818651810288,0.007927710190415382,533
0.810908957344286,0.6533979836831382,21.664335169615004,0.08724395185709,0.008277280256152153,0.04305891692638397,534
0.8223537106602207,0.7813136203524985,28.506515536001796,0.045153141021728516,0.002788807498291135,0.024210043251514435,535
0.6777947321479698,0.8309992471747147,32.45956556953981,0.02410450391471386,0.0005935591761954129,0.009247664362192154,536
0.9314730351839801,0.6970495545850923,22.409312180449433,0.07923787087202072,0.006736066658049822,0.049825843423604965,537
0.8422744733246551,0.7580467115821322,28.94644661852033,0.04454768821597099,0.002800126327201724,0.028207501396536827,538
0.6452625662414909,0.7814497706390656,33.56634695152257,0.021440863609313965,0.0004776577989105135,0.010052742436528206,539
0.6327812370670131,0.832188558504131,39.48633032186805,0.011508812196552753,0.0001528988650534302,0.00678805960342288,540
0.7719263880201085,0.7576848815810675,32.855675316580495,0.043433453887701035,0.003464068053290248,0.027142534032464027,541
0.9048904549781783,0.6416533717601774,21.860632863602664,0.0844377875328064,0.0076463413424789906,0.05573757365345955,542
0.8402620301156608,0.7047354077504998,22.83487286426666,0.07505452632904053,0.0060410224832594395,0.036665789783000946,543
0.9063676762505896,0.800305022043331,27.015876521129275,0.0476958267390728,0.002524951007217169,0.019516756758093834,544
0.7415884542206316,0.6127902327026752,21.456411970250183,0.0908653736114502,0.00919255893677473,0.05153615400195122,545
0.9139921497447827,0.6626581799552138,23.268075799394627,0.07132802158594131,0.005439055617898703,0.04318654164671898,546
0.7016058281508588,0.8235900701904425,36.813231320570914,0.03270849213004112,0.002010772004723549,0.01794149912893772,547
0.6266081150143963,0.9354887400918632,49.24248041602462,0.003487479640170932,1.2414752745826263e-05,0.0025116580072790384,548
0.3969091923966174,0.9301777290698098,46.23140378664964,0.004998666699975729,2.615975245134905e-05,0.0028555509634315968,549
0.5526966675631254,0.8777812937767445,37.56684946215588,0.026317397132515907,0.0012324840063229203,0.014038746245205402,550
0.9434477183789571,0.7841772952270802,23.53977279936512,0.0695827379822731,0.005202081985771656,0.036842212080955505,551
0.9580490425566013,0.7468282756773594,23.965359255109295,0.06467538326978683,0.00433513754978776,0.038868777453899384,552
0.9339618108873644,0.7457290033744469,23.387174805509904,0.0698191449046135,0.005145164206624031,0.03977746516466141,553
0.9410404819575576,0.758686364865647,23.56203139941159,0.06837926805019379,0.004921011161059141,0.03745494782924652,554
0.8657284831122181,0.695968185531289,28.631560832653165,0.0382816381752491,0.0015532661927863955,0.022287294268608093,555
0.914096406806201,0.6782545525859964,25.429248937666312,0.05929003655910492,0.00422569178044796,0.037311773747205734,556
0.915044690280312,0.6171214208684405,22.29899555300375,0.0792001336812973,0.006628826726227999,0.0502927303314209,557
0.929173803693061,0.7740494035591409,23.16249006030696,0.07416820526123047,0.006124366540461779,0.03804721683263779,558
0.7275539374523268,0.7896641004250702,28.428806281005475,0.05595513805747032,0.0051359315402805805,0.029077639803290367,559
0.6325382556179022,0.9004880096579502,37.50864841744069,0.013506236486136913,0.00018701382214203477,0.0053934864699840546,560
0.8944908889438601,0.6123027661585847,21.14246701379756,0.09344329684972763,0.009706545621156693,0.06308829039335251,561
0.9207584234357294,0.5948361787575382,22.056628847363214,0.08218009024858475,0.007208710536360741,0.05500240623950958,562
0.890433781071088,0.5702182961567476,20.867085100892023,0.09498218446969986,0.009765596129000187,0.06474346667528152,563
0.8906540375602437,0.6021339429813243,21.61967408453315,0.08792368322610855,0.008498720824718475,0.06059480458498001,564
0.7982619845141841,0.737003061047463,32.50306367856525,0.04983622953295708,0.0046380856074392796,0.0339948870241642,565
0.5809770794962565,0.8859084432162024,43.48220005392748,0.006819549482315779,4.834592982660979e-05,0.004174696747213602,566
0.8851167153372855,0.7599721751725189,27.416066343507314,0.04447869583964348,0.0021580983884632587,0.02410993166267872,567
0.8512728711404404,0.700835127516191,25.6957923354785,0.05855323001742363,0.004264532588422298,0.0364936888217926,568
0.924135503091072,0.6267832618691141,24.186357948087448,0.06393974274396896,0.004330476280301809,0.04541437700390816,569
0.8311527765301214,0.8532495270557914,35.42210682380817,0.017661988735198975,0.00033790094312280416,0.008915210142731667,570
0.6839300267709566,0.8836665011075447,39.70991189110182,0.011692855507135391,0.00017327289970126003,0.006499454844743013,571
0.6238957298837448,0.8783331590375495,41.96635813515942,0.008040699176490307,6.57637428957969e-05,0.005597785580903292,572
0.860737079087324,0.603165625087167,21.19241016595032,0.0924629345536232,0.009446819312870502,0.05071726441383362,573
0.8810285397780385,0.6356297106894625,21.666900176805257,0.08629562705755234,0.008049015887081623,0.04633934423327446,574
0.8638027564526775,0.5932992286320958,21.147358113001307,0.09219629317522049,0.009215797297656536,0.051255445927381516,575
0.884435467328581,0.5770346505222235,21.43369163614707,0.08782076090574265,0.008183292113244534,0.0616927370429039,576
0.7154091056355206,0.743920221001678,32.8020750986481,0.04272588714957237,0.0032546946313232183,0.030102672055363655,577
0.44893641823537545,0.9103656255882262,45.12674490968644,0.005663374438881874,3.3571119274711236e-05,0.0032505656126886606,578
0.832168673480953,0.7400093608159759,25.82793937766172,0.05657578632235527,0.003820620244368911,0.032091327011585236,579
0.8241421382648891,0.6907987742969864,25.612501664596866,0.058435436338186264,0.004160827957093716,0.032920729368925095,580
0.854622711134355,0.7482946605481526,28.286899231848054,0.040888071060180664,0.0018433263758197427,0.022990714758634567,581
0.839139318907154,0.6175569283664859,22.144367734136594,0.08395498991012573,0.007937661372125149,0.05852646380662918,582
0.7207459328263283,0.7015264385681782,29.890642384575216,0.04955465719103813,0.004112857859581709,0.03572879359126091,583
0.4256391823809842,0.7382379480273281,36.5181562442557,0.015058469958603382,0.0002304408699274063,0.009309542365372181,584
0.4679670378843615,0.7548051356062313,33.786512194811074,0.020678125321865082,0.000437085545854643,0.010643203742802143,585
0.7258818415105431,0.7321225679804652,32.28414163455915,0.05186173692345619,0.005119339097291231,0.03248141333460808,586
0.8838805464124327,0.5334451706975794,20.60245836237924,0.09684961289167404,0.009998663328588009,0.06006033718585968,587
0.8714974078754097,0.5476020657228822,20.635744640516382,0.09683600068092346,0.01003873348236084,0.06424187868833542,588
0.6780820234009596,0.7069621280098581,31.46679437055181,0.05540366843342781,0.005731343291699886,0.03815092146396637,589
0.5431284461210023,0.923648660304022,47.44367629723581,0.00456211157143116,2.3609936761204153e-05,0.002940561855211854,590
0.8645713922090289,0.5693138664083919,21.943333733815507,0.0834038034081459,0.007466301321983337,0.06244231015443802,591
0.883267059315294,0.5801386131969668,22.422958270038013,0.07920094579458237,0.006755007430911064,0.058069173246622086,592
0.9357539810867933,0.6451743347923281,24.102125496727364,0.06543854624032974,0.004659370519220829,0.0462978221476078,593
0.7742398325509389,0.7356572652822506,30.65363423201771,0.030940452590584755,0.001057606772519648,0.018136201426386833,594
0.8147963778581525,0.8490989551261773,39.82778423092891,0.019794166088104248,0.000706608290784061,0.012310902588069439,595
0.6995271044579976,0.9599944356035536,52.02648284124925,0.002544183051213622,6.665371529379627e-06,0.001957298954948783,596
0.890131886168326,0.8121208871989319,24.484942126629296,0.06183647736907005,0.0040355282835662365,0.022662881761789322,597
0.8768182573371286,0.7303960395652229,24.2773469468803,0.06379438191652298,0.004358993377536535,0.027604207396507263,598
0.853387422524461,0.7491383455089085,26.625788667274424,0.047732532024383545,0.0023707235231995583,0.021182524040341377,599
0.8845964189139438,0.5897782039201859,23.846565844471275,0.06619977205991745,0.004617210943251848,0.04082593321800232,600
0.8861168730694989,0.6429148614585468,23.36001015310752,0.07213767617940903,0.005801548715680838,0.03880880028009415,601
0.8660728566581022,0.6279467972253254,22.539761441494978,0.07751763612031937,0.006397407501935959,0.03956013172864914,602
0.9687232396746949,0.7684014873066376,26.829894499762123,0.047020137310028076,0.0023364019580185413,0.028569625690579414,603
0.9454737687303592,0.838972536951435,29.49319649534291,0.03488912433385849,0.0013133345637470484,0.01808849908411503,604
0.9497653050816274,0.8376572569860204,28.33240380909235,0.042984675616025925,0.002181257354095578,0.018246851861476898,605
0.8453122264450522,0.6108180682323163,25.291299151783246,0.05623848736286163,0.003358995309099555,0.041867755353450775,606
0.7408268504564401,0.7703002453651386,35.90256251358925,0.0279685128480196,0.0013503156369552016,0.019601667299866676,607
0.7854114554944593,0.9182260772247814,43.97121710446206,0.00650734594091773,4.477245602174662e-05,0.0035569551400840282,608
0.5426504001524628,0.9314470032269456,48.80802518087635,0.0036663131322711706,1.3735874745179899e-05,0.0026839743368327618,609
0.5609604596711479,0.7765596913292624,34.201054631902146,0.04572278633713722,0.0040241749957203865,0.024967603385448456,610
0.8904188948950537,0.6708230720639392,22.54981946702301,0.07658881694078445,0.006139954086393118,0.03724087029695511,611
0.8851214669635463,0.6379663582176559,21.659598401945857,0.0853266716003418,0.007680916227400303,0.04562327638268471,612
0.9091273612861622,0.7153242959390115,24.862666369939614,0.05889904871582985,0.0036527812480926514,0.0283481627702713,613
0.8933402301677265,0.6982530608117777,25.967792345918753,0.05218222737312317,0.002895862329751253,0.02807839959859848,614
0.8810067237964447,0.6473633770726093,23.725048368369254,0.0676688626408577,0.004888125229626894,0.03837846219539642,615
0.8679613498339441,0.7171194437861909,23.447317717846726,0.07052335888147354,0.0053866091184318066,0.03601238131523132,616
0.942298870420189,0.7005470694499879,22.78933988712845,0.07522938400506973,0.006022835150361061,0.04765096306800842,617
0.9228306374665336,0.6984068439585381,22.96198326249949,0.07660279422998428,0.006605750415474176,0.045052919536828995,618
0.7647907393198269,0.7878933307508301,31.80383693900352,0.04548770561814308,0.003741315333172679,0.028420129790902138,619
0.5965812778259817,0.948245417215281,42.980526313624296,0.007661897223442793,6.67300118948333e-05,0.002708056941628456,620
0.8949577454510355,0.5497290833493592,21.01365747177194,0.09332358837127686,0.009391747415065765,0.05865202099084854,621
0.8757955419278832,0.5561075226871092,20.833203733573892,0.09450093656778336,0.009481197223067284,0.05862553045153618,622
0.914841106526424,0.5828318797288987,21.95872221351483,0.08144835382699966,0.006855139043182135,0.0521639809012413,623
0.9095567361014448,0.6076285963664072,21.912457790655168,0.08339997380971909,0.007392855826765299,0.05243482440710068,624
